"matrix","time","row","col","value","sd","conf.low","conf.high","dates","report_prob_new"
"beta",1970-01-02,0,0,0.0861931607984353,0.00390084501199495,0.0785476450656525,0.0938386765312181,2021-12-15,1
"report_prob",1970-01-02,0,0,1,0,0.5,0.5,2021-12-15,1
"inc",1970-01-02,0,0,0.0154586257496853,0.00110566915755899,0.013291554022053,0.0176256974773177,2021-12-15,1
"serop",1970-01-02,0,0,0.0153486792108409,0.00089000453279459,0.0136043023804861,0.0170930560411957,2021-12-15,1
"beta",1970-01-03,0,0,0.0931533323524147,0.00389074436191461,0.0855276135300098,0.10077905117482,2021-12-16,1
"report_prob",1970-01-03,0,0,1,0,0.5,0.5,2021-12-16,1
"inc",1970-01-03,0,0,0.0153475560333801,0.00106128664254655,0.0132674724367154,0.0174276396300448,2021-12-16,1
"serop",1970-01-03,0,0,0.0146767365207765,0.00085945316927388,0.0129922392626009,0.0163612337789522,2021-12-16,1
"beta",1970-01-04,0,0,0.101850384613007,0.00388336540283744,0.0942391282846372,0.109461640941378,2021-12-17,1
"report_prob",1970-01-04,0,0,1,0,0.5,0.5,2021-12-17,1
"inc",1970-01-04,0,0,0.0154233686163845,0.00102626581055459,0.0134119245891326,0.0174348126436363,2021-12-17,1
"serop",1970-01-04,0,0,0.0140672734692809,0.00082983243896854,0.0124408317756995,0.0156937151628623,2021-12-17,1
"beta",1970-01-05,0,0,0.112552367827169,0.00387604193461033,0.104955465232766,0.120149270421572,2021-12-18,1
"report_prob",1970-01-05,0,0,1,0,0.5,0.5,2021-12-18,1
"inc",1970-01-05,0,0,0.0156836451517729,0.00099978815087763,0.0137240963838829,0.017643193919663,2021-12-18,1
"serop",1970-01-05,0,0,0.0135241131323533,0.00080142889175753,0.0119533413683386,0.0150948848963679,2021-12-18,1
"beta",1970-01-06,0,0,0.12557127046849,0.00387005411417122,0.117986103786493,0.133156437150486,2021-12-19,1
"report_prob",1970-01-06,0,0,1,0,0.5,0.5,2021-12-19,1
"inc",1970-01-06,0,0,0.0161289656167931,0.00098116147187193,0.0142059244689058,0.0180520067646804,2021-12-19,1
"serop",1970-01-06,0,0,0.013050526543594,0.0007744560434227,0.0115326205908761,0.0145684324963119,2021-12-19,1
"beta",1970-01-07,0,0,0.141260086892319,0.00387496380260078,0.133665297397825,0.148854876386813,2021-12-20,1
"report_prob",1970-01-07,0,0,1,0,0.5,0.5,2021-12-20,1
"inc",1970-01-07,0,0,0.0167629059097205,0.00096986551915881,0.014862004422322,0.0186638073971191,2021-12-20,1
"serop",1970-01-07,0,0,0.0126495188512814,0.00074906663331828,0.0111813752279569,0.0141176624746059,2021-12-20,1
"beta",1970-01-08,0,0,0.160005242754134,0.00391531113976963,0.152331373931917,0.167679111576351,2021-12-21,1
"report_prob",1970-01-08,0,0,1,0,0.5,0.5,2021-12-21,1
"inc",1970-01-08,0,0,0.0175918936652842,0.00096558758826084,0.0156993767683741,0.0194844105621944,2021-12-21,1
"serop",1970-01-08,0,0,0.0123240350769077,0.00072536468361698,0.0109023464213611,0.0137457237324543,2021-12-21,1
"beta",1970-01-09,0,0,0.182212642954503,0.00403841969240523,0.174297485802932,0.190127800106075,2021-12-22,1
"report_prob",1970-01-09,0,0,1,0,0.5,0.5,2021-12-22,1
"inc",1970-01-09,0,0,0.0186249940675068,0.00096825305356891,0.0167272529545908,0.0205227351804228,2021-12-22,1
"serop",1970-01-09,0,0,0.0120771176344615,0.00070341784358343,0.0106984439949552,0.0134557912739679,2021-12-22,1
"beta",1970-01-10,0,0,0.208285606899415,0.00431749753024977,0.199823467236784,0.216747746562045,2021-12-23,1
"report_prob",1970-01-10,0,0,1,0,0.5,0.5,2021-12-23,1
"inc",1970-01-10,0,0,0.0198736654176671,0.00097805095598093,0.0179567207688995,0.0217906100664347,2021-12-23,1
"serop",1970-01-10,0,0,0.0119120285349568,0.00068327030067318,0.0105728433539315,0.0132512137159821,2021-12-23,1
"beta",1970-01-11,0,0,0.238593307920814,0.00484012739958091,0.229106832537049,0.248079783304578,2021-12-24,1
"report_prob",1970-01-11,0,0,1,0,0.5,0.5,2021-12-24,1
"inc",1970-01-11,0,0,0.0213514988242389,0.00099545103208673,0.0194004506529757,0.0233025469955022,2021-12-24,1
"serop",1970-01-11,0,0,0.0118323429791837,0.00066495650307953,0.0105290521818621,0.0131356337765053,2021-12-24,1
"beta",1970-01-12,0,0,0.273429188349749,0.00568116810769012,0.262294303468559,0.284564073230939,2021-12-25,1
"report_prob",1970-01-12,0,0,1,0,0.5,0.5,2021-12-25,1
"inc",1970-01-12,0,0,0.0230739358007138,0.00102120581486755,0.0210724091827706,0.0250754624186571,2021-12-25,1
"serop",1970-01-12,0,0,0.0118420179546047,0.00064851589369701,0.0105709501595567,0.0131130857496526,2021-12-25,1
"beta",1970-01-13,0,0,0.312960286706046,0.00687910787648832,0.299477483022363,0.326443090389729,2021-12-26,1
"report_prob",1970-01-13,0,0,1,0,0.5,0.5,2021-12-26,1
"inc",1970-01-13,0,0,0.0250579305051309,0.00105632980606116,0.0229875621294549,0.027128298880807,2021-12-26,1
"serop",1970-01-13,0,0,0.0117054868728368,0.00062332712913764,0.0104837881491403,0.0129271855965333,2021-12-26,1
"beta",1970-01-14,0,0,0.357170484738305,0.00843181374945282,0.340644433465028,0.373696536011582,2021-12-27,1
"report_prob",1970-01-14,0,0,1,0,0.5,0.5,2021-12-27,1
"inc",1970-01-14,0,0,0.0273214929097536,0.0011020471294976,0.0251615202266726,0.0294814655928347,2021-12-27,1
"serop",1970-01-14,0,0,0.0117191264094418,0.00060264458164922,0.0105379647339312,0.0129002880849525,2021-12-27,1
"beta",1970-01-15,0,0,0.405803168483184,0.0103034864975894,0.385608706032714,0.425997630933654,2021-12-28,1
"report_prob",1970-01-15,0,0,1,0,0.5,0.5,2021-12-28,1
"inc",1970-01-15,0,0,0.029883014040409,0.00115969905394946,0.0276100456617629,0.0321559824190552,2021-12-28,1
"serop",1970-01-15,0,0,0.0118773226982326,0.0005860726179812,0.0107286414746644,0.0130260039218009,2021-12-28,1
"beta",1970-01-16,0,0,0.458311268847968,0.0124299616116856,0.433948991759849,0.482673545936087,2021-12-29,1
"report_prob",1970-01-16,0,0,1,0,0.5,0.5,2021-12-29,1
"inc",1970-01-16,0,0,0.0327602458680012,0.00123060278982555,0.0303483087206686,0.0351721830153338,2021-12-29,1
"serop",1970-01-16,0,0,0.0121777977691642,0.00057352035789024,0.0110537185232988,0.0133018770150296,2021-12-29,1
"beta",1970-01-17,0,0,0.513824445811154,0.0147204965146057,0.48497280280798,0.542676088814329,2021-12-30,1
"report_prob",1970-01-17,0,0,1,0,0.5,0.5,2021-12-30,1
"inc",1970-01-17,0,0,0.035968802156022,0.00131585335581522,0.033389776969688,0.0385478273423559,2021-12-30,1
"serop",1970-01-17,0,0,0.0126204753918051,0.00056512595330146,0.0115128488766054,0.0137281019070049,2021-12-30,1
"beta",1970-01-18,0,0,0.571143532742446,0.0170598250813135,0.537706890000519,0.604580175484374,2021-12-31,1
"report_prob",1970-01-18,0,0,1,0,0.5,0.5,2021-12-31,1
"inc",1970-01-18,0,0,0.0395200733057498,0.00141606324191764,0.0367446403517602,0.0422955062597394,2021-12-31,1
"serop",1970-01-18,0,0,0.0132066248150308,0.0005612012491773,0.0121066905785644,0.0143065590514972,2021-12-31,1
"beta",1970-01-19,0,0,0.628770593560604,0.0193136869010211,0.59091646282592,0.666624724295289,2022-01-01,1
"report_prob",1970-01-19,0,0,1,0,0.5,0.5,2022-01-01,1
"inc",1970-01-19,0,0,0.0434185267418916,0.00153104375933434,0.0404177361148415,0.0464193173689417,2022-01-01,1
"serop",1970-01-19,0,0,0.0139381284101486,0.00056217453025146,0.01283628657783,0.0150399702424672,2022-01-01,1
"beta",1970-01-20,0,0,0.68497878279264,0.0213390724582433,0.643154969310993,0.726802596274288,2022-01-02,1
"report_prob",1970-01-20,0,0,1,0,0.5,0.5,2022-01-02,1
"inc",1970-01-20,0,0,0.0476584936777031,0.00165945034142838,0.0444060307743708,0.0509109565810354,2022-01-02,1
"serop",1970-01-20,0,0,0.0148167737389744,0.00056851387758761,0.0137025070141915,0.0159310404637574,2022-01-02,1
"beta",1970-01-21,0,0,0.737919991653933,0.0229987091607486,0.692843350007954,0.782996633299911,2022-01-03,0.6656
"report_prob",1970-01-21,0,0,0.6656,0,0.5,0.5,2022-01-03,0.6656
"inc",1970-01-21,0,0,0.0522207121015902,0.00179844077255118,0.0486958329590615,0.0557455912441189,2022-01-03,0.6656
"serop",1970-01-21,0,0,0.0158435149309037,0.00058062152019795,0.0147055176626669,0.0169815121991406,2022-01-03,0.6656
"beta",1970-01-22,0,0,0.785761092735522,0.0241779821405527,0.738373118521186,0.833149066949858,2022-01-04,0.6656
"report_prob",1970-01-22,0,0,0.6656,0,0.5,0.5,2022-01-04,0.6656
"inc",1970-01-22,0,0,0.0570690787196028,0.00194342403088814,0.0532600376123724,0.0608781198268332,2022-01-04,0.6656
"serop",1970-01-22,0,0,0.0170176889362781,0.00059870255831513,0.0158442534845284,0.0181911243880278,2022-01-04,0.6656
"beta",1970-01-23,0,0,0.826833098664208,0.0248016002084061,0.778222855496771,0.875443341831645,2022-01-05,0.6656
"report_prob",1970-01-23,0,0,0.6656,0,0.5,0.5,2022-01-05,0.6656
"inc",1970-01-23,0,0,0.0621482140390243,0.00208799767697356,0.0580558137923528,0.0662406142856958,2022-01-05,0.6656
"serop",1970-01-23,0,0,0.018336211225103,0.00062262715531752,0.017115884424884,0.019556538025322,2022-01-05,0.6656
"beta",1970-01-24,0,0,0.859773487295548,0.0248470246194289,0.811074213918488,0.908472760672609,2022-01-06,0.6656
"report_prob",1970-01-24,0,0,0.6656,0,0.5,0.5,2022-01-06,0.6656
"inc",1970-01-24,0,0,0.0673825139629281,0.00222417246542976,0.0630232160352801,0.0717418118905761,2022-01-06,0.6656
"serop",1970-01-24,0,0,0.019792811109874,0.0006518167220824,0.0185152738100716,0.0210703484096765,2022-01-06,0.6656
"beta",1970-01-25,0,0,0.883641631862365,0.024352026519937,0.835912536932725,0.931370726792006,2022-01-07,0.6656
"report_prob",1970-01-25,0,0,0.6656,0,0.5,0.5,2022-01-07,0.6656
"inc",1970-01-25,0,0,0.0726773045135299,0.00234295637169467,0.0680851944076597,0.0772694146194001,2022-01-07,0.6656
"serop",1970-01-25,0,0,0.0213773947502134,0.0006851849488457,0.0200344569277269,0.0227203325726999,2022-01-07,0.6656
"beta",1970-01-26,0,0,0.897991083213305,0.0234145411102973,0.85209942592259,0.94388274050402,2022-01-08,0.6656
"report_prob",1970-01-26,0,0,0.6656,0,0.5,0.5,2022-01-08,0.6656
"inc",1970-01-26,0,0,0.077922500432261,0.00243531523605843,0.0731493702785848,0.0826956305859372,2022-01-08,0.6656
"serop",1970-01-26,0,0,0.0230756380296099,0.00072115341518026,0.0216622033085285,0.0244890727506913,2022-01-08,0.6656
"beta",1970-01-27,0,0,0.902889618223384,0.0221838059582573,0.859410157505175,0.946369078941594,2022-01-09,0.6656
"report_prob",1970-01-27,0,0,0.6656,0,0.5,0.5,2022-01-09,0.6656
"inc",1970-01-27,0,0,0.0829988020748067,0.00249345097487968,0.0781117279668263,0.0878858761827872,2022-01-09,0.6656
"serop",1970-01-27,0,0,0.0248689064750096,0.00075774536961731,0.0233837528411077,0.0263540601089116,2022-01-09,0.6656
"beta",1970-01-28,0,0,0.898886792192842,0.0208421567685365,0.858036915566373,0.939736668819311,2022-01-10,0.6656
"report_prob",1970-01-28,0,0,0.6656,0,0.5,0.5,2022-01-10,0.6656
"inc",1970-01-28,0,0,0.0877860030617797,0.00251225621679401,0.0828620713569266,0.0927099347666328,2022-01-10,0.6656
"serop",1970-01-28,0,0,0.0267345725959315,0.00079274722771623,0.0251808165807637,0.0282883286110993,2022-01-10,0.6656
"beta",1970-01-29,0,0,0.886937111249732,0.0195770503284636,0.848566797682415,0.925307424817048,2022-01-11,0.6656
"report_prob",1970-01-29,0,0,0.6656,0,0.5,0.5,2022-01-11,0.6656
"inc",1970-01-29,0,0,0.0921725205348982,0.00249073467176564,0.0872907702831924,0.0970542707866041,2022-01-11,0.6656
"serop",1970-01-29,0,0,0.028646754451166,0.00082391808962099,0.0270319046692978,0.0302616042330342,2022-01-11,0.6656
"beta",1970-01-30,0,0,0.868293027117389,0.0185448913275728,0.831945708018137,0.904640346216641,2022-01-12,0.6656
"report_prob",1970-01-30,0,0,0.6656,0,0.5,0.5,2022-01-12,0.6656
"inc",1970-01-30,0,0,0.0960649186650866,0.00243312892099203,0.0912960736101994,0.100833763719974,2022-01-12,0.6656
"serop",1970-01-30,0,0,0.0305774401977409,0.00084922217869696,0.0289129953126222,0.0322418850828596,2022-01-12,0.6656
"beta",1970-01-31,0,0,0.844384682178622,0.0178349444586882,0.809428833373321,0.879340530983923,2022-01-13,0.6656
"report_prob",1970-01-31,0,0,0.6656,0,0.5,0.5,2022-01-13,0.6656
"inc",1970-01-31,0,0,0.0993960909834105,0.00234945646292736,0.094791240932828,0.104000941033993,2022-01-13,0.6656
"serop",1970-01-31,0,0,0.0324979039225094,0.00086705639870342,0.0307985046084857,0.0341973032365331,2022-01-13,0.6656
"beta",1970-02-01,0,0,0.81670261290682,0.0174501160203424,0.782501013980904,0.850904211832737,2022-01-14,0.6656
"report_prob",1970-02-01,0,0,0.6656,0,0.5,0.5,2022-01-14,0.6656
"inc",1970-02-01,0,0,0.102130934899333,0.00225507984718794,0.0977110596165821,0.106550810182083,2022-01-14,0.6656
"serop",1970-02-01,0,0,0.0343802710823597,0.0008764453521232,0.0326624697577807,0.0360980724069387,2022-01-14,0.6656
"beta",1970-02-02,0,0,0.786696216302915,0.017318415479175,0.752752745694431,0.820639686911399,2022-01-15,0.6656
"report_prob",1970-02-02,0,0,0.6656,0,0.5,0.5,2022-01-15,0.6656
"inc",1970-02-02,0,0,0.104268776806491,0.00216882661677988,0.100017954748891,0.108519598864092,2022-01-15,0.6656
"serop",1970-02-02,0,0,0.0361990684666026,0.00087717965743669,0.0344798279300555,0.0379183090031497,2022-01-15,0.6656
"beta",1970-02-03,0,0,0.755695932412078,0.0173290275462003,0.721731662534423,0.789660202289733,2022-01-16,0.6656
"report_prob",1970-02-03,0,0,0.6656,0,0.5,0.5,2022-01-16,0.6656
"inc",1970-02-03,0,0,0.105842376467579,0.00210926443262549,0.101708294145762,0.109976458789396,2022-01-16,0.6656
"serop",1970-02-03,0,0,0.0379325987655037,0.00086987966334458,0.0362276659544645,0.0396375315765429,2022-01-16,0.6656
"beta",1970-02-04,0,0,0.724862073389388,0.0173707652667264,0.690815999082705,0.758908147696071,2022-01-17,0.6656
"report_prob",1970-02-04,0,0,0.6656,0,0.5,0.5,2022-01-17,0.6656
"inc",1970-02-04,0,0,0.106913907619831,0.00208960399243066,0.102818359052716,0.111009456186946,2022-01-17,0.6656
"serop",1970-02-04,0,0,0.0395615384227892,0.00085593352564068,0.0378839395393731,0.0412391373062054,2022-01-17,0.6656
"beta",1970-02-05,0,0,0.695159019766384,0.0173559325309156,0.661142017087682,0.729176022445086,2022-01-18,0.6656
"report_prob",1970-02-05,0,0,0.6656,0,0.5,0.5,2022-01-18,0.6656
"inc",1970-02-05,0,0,0.107568751794731,0.00211341928634815,0.103426526109257,0.111710977480206,2022-01-18,0.6656
"serop",1970-02-05,0,0,0.0410746377228682,0.0008374876640014,0.0394331920639289,0.0427160833818075,2022-01-18,0.6656
"beta",1970-02-06,0,0,0.667350639546172,0.017227651090846,0.633585063869892,0.701116215222452,2022-01-19,0.6656
"report_prob",1970-02-06,0,0,0.6656,0,0.5,0.5,2022-01-19,0.6656
"inc",1970-02-06,0,0,0.107908157963653,0.00217402107565944,0.10364715495373,0.112169160973577,2022-01-19,0.6656
"serop",1970-02-06,0,0,0.0424664410023664,0.00081717580996465,0.0408648058457984,0.0440680761589345,2022-01-19,0.6656
"beta",1970-02-07,0,0,0.642011358492309,0.0169569491918259,0.608776348788654,0.675246368195963,2022-01-20,0.6656
"report_prob",1970-02-07,0,0,0.6656,0,0.5,0.5,2022-01-20,0.6656
"inc",1970-02-07,0,0,0.108041806313954,0.00225792173541038,0.10361636103264,0.112467251595269,2022-01-20,0.6656
"serop",1970-02-07,0,0,0.0437371901722206,0.00079782101491335,0.0421734897168812,0.0453008906275599,2022-01-20,0.6656
"beta",1970-02-08,0,0,0.619547098231013,0.0165360215836737,0.587137091479436,0.651957104982591,2022-01-21,0.6656
"report_prob",1970-02-08,0,0,0.6656,0,0.5,0.5,2022-01-21,0.6656
"inc",1970-02-08,0,0,0.108081115289254,0.00234976031637678,0.103475669696854,0.112686560881654,2022-01-21,0.6656
"serop",1970-02-08,0,0,0.0448924168523331,0.00078206209866664,0.0433596033052726,0.0464252303993935,2022-01-21,0.6656
"beta",1970-02-09,0,0,0.600220925302596,0.0159714608804865,0.568917437196352,0.63152441340884,2022-01-22,0.6656
"report_prob",1970-02-09,0,0,0.6656,0,0.5,0.5,2022-01-22,0.6656
"inc",1970-02-09,0,0,0.108133829038693,0.002435960109949,0.103359434955417,0.11290822312197,2022-01-22,0.6656
"serop",1970-02-09,0,0,0.0459423096356906,0.00077195441072,0.0444293067929725,0.0474553124784086,2022-01-22,0.6656
"beta",1970-02-10,0,0,0.584179325535561,0.0152791033573892,0.554232833239014,0.614125817832109,2022-01-23,0.6656
"report_prob",1970-02-10,0,0,0.6656,0,0.5,0.5,2022-01-23,0.6656
"inc",1970-02-10,0,0,0.108300105285175,0.00250636281782256,0.103387724430052,0.113212486140298,2022-01-23,0.6656
"serop",1970-02-10,0,0,0.0469009465713891,0.00076863695247121,0.0453944458273589,0.0484074473154193,2022-01-23,0.6656
"beta",1970-02-11,0,0,0.571476213020026,0.0144809765338368,0.543094020552736,0.599858405487316,2022-01-24,0.6378
"report_prob",1970-02-11,0,0,0.6378,0,0.5,0.5,2022-01-24,0.6378
"inc",1970-02-11,0,0,0.108670052397054,0.00255443809502485,0.103663445730068,0.11367665906404,2022-01-24,0.6378
"serop",1970-02-11,0,0,0.0477854734113441,0.0007721728898838,0.0462720423573336,0.0492989044653545,2022-01-24,0.6378
"beta",1970-02-12,0,0,0.562092889522971,0.0136043593660467,0.53542883513278,0.588756943913163,2022-01-25,0.6378
"report_prob",1970-02-12,0,0,0.6378,0,0.5,0.5,2022-01-25,0.6378
"inc",1970-02-12,0,0,0.109322479099568,0.00257685753878931,0.104271931130251,0.114373027068886,2022-01-25,0.6378
"serop",1970-02-12,0,0,0.0486152905563624,0.00078162240313804,0.0470833387967022,0.0501472423160226,2022-01-25,0.6378
"beta",1970-02-13,0,0,0.555953082975731,0.0126828078694241,0.531095236328819,0.580810929622644,2022-01-26,0.6378
"report_prob",1970-02-13,0,0,0.6378,0,0.5,0.5,2022-01-26,0.6378
"inc",1970-02-13,0,0,0.110324519540334,0.00257295133091589,0.105281627597765,0.115367411482904,2022-01-26,0.6378
"serop",1970-02-13,0,0,0.0494112906053346,0.00079531191752274,0.0478525078905146,0.0509700733201547,2022-01-26,0.6378
"beta",1970-02-14,0,0,0.552932889779515,0.0117588693970549,0.529885929262377,0.575979850296653,2022-01-27,0.6378
"report_prob",1970-02-14,0,0,0.6378,0,0.5,0.5,2022-01-27,0.6378
"inc",1970-02-14,0,0,0.1117317740711,0.00254430642826429,0.106745025106068,0.116718523036132,2022-01-27,0.6378
"serop",1970-02-14,0,0,0.0501951679710552,0.00081119097210514,0.048605262881145,0.0517850730609653,2022-01-27,0.6378
"beta",1970-02-15,0,0,0.552865953935483,0.0108877553715995,0.531526345534666,0.574205562336301,2022-01-28,0.6378
"report_prob",1970-02-15,0,0,0.6378,0,0.5,0.5,2022-01-28,0.6378
"inc",1970-02-15,0,0,0.113588634671802,0.00249461181813952,0.108699285352841,0.118477983990764,2022-01-28,0.6378
"serop",1970-02-15,0,0,0.0509888045896639,0.00082716639483758,0.0493675882465604,0.0526100209327674,2022-01-28,0.6378
"beta",1970-02-16,0,0,0.555544588393339,0.010139911136866,0.535670727758646,0.575418449028033,2022-01-29,0.6378
"report_prob",1970-02-16,0,0,0.6378,0,0.5,0.5,2022-01-29,0.6378
"inc",1970-02-16,0,0,0.115928523166963,0.00242976655961861,0.111166268219271,0.120690778114655,2022-01-29,0.6378
"serop",1970-02-16,0,0,0.0518137225773404,0.00084135493823762,0.0501646972001798,0.0534627479545011,2022-01-29,0.6378
"beta",1970-02-17,0,0,0.560717833291154,0.0095978228599285,0.541906446155699,0.579529220426609,2022-01-30,0.6378
"report_prob",1970-02-17,0,0,0.6378,0,0.5,0.5,2022-01-30,0.6378
"inc",1970-02-17,0,0,0.118773847698967,0.00235817794772463,0.11415190385229,0.123395791545644,2022-01-30,0.6378
"serop",1970-02-17,0,0,0.0526905863013945,0.00085225052325538,0.0510202059700086,0.0543609666327805,2022-01-30,0.6378
"beta",1970-02-18,0,0,0.568087689794913,0.00934046271409287,0.549780719276352,0.586394660313475,2022-01-31,0.6378
"report_prob",1970-02-18,0,0,0.6378,0,0.5,0.5,2022-01-31,0.6378
"inc",1970-02-18,0,0,0.122135558651255,0.00229102840872467,0.117645225482596,0.126625891819913,2022-01-31,0.6378
"serop",1970-02-18,0,0,0.0536387322504948,0.00085883172647028,0.0519554529978327,0.0553220115031569,2022-01-31,0.6378
"beta",1970-02-19,0,0,0.577304980255151,0.0094144829801018,0.558852932681087,0.595757027829216,2022-02-01,0.6378
"report_prob",1970-02-19,0,0,0.6378,0,0.5,0.5,2022-02-01,0.6378
"inc",1970-02-19,0,0,0.126012268916066,0.00224204467873491,0.121617942094016,0.130406595738116,2022-02-01,0.6378
"serop",1970-02-19,0,0,0.054675705257403,0.00086063918862155,0.052988883444021,0.056362527070785,2022-02-01,0.6378
"beta",1970-02-20,0,0,0.587966449590271,0.00980779553916402,0.568743523565777,0.607189375614765,2022-02-02,0.6378
"report_prob",1970-02-20,0,0,0.6378,0,0.5,0.5,2022-02-02,0.6378
"inc",1970-02-20,0,0,0.130388979694573,0.00222606890579246,0.126025964812115,0.13475199457703,2022-02-02,0.6378
"serop",1970-02-20,0,0,0.0558167832443358,0.00085784195326247,0.0541354439115139,0.0574981225771577,2022-02-02,0.6378
"beta",1970-02-21,0,0,0.599614795821593,0.0104478058366009,0.579137472664387,0.620092118978798,2022-02-03,0.6378
"report_prob",1970-02-21,0,0,0.6378,0,0.5,0.5,2022-02-03,0.6378
"inc",1970-02-21,0,0,0.13523553756166,0.00225593853106341,0.13081397928944,0.139657095833881,2022-02-03,0.6378
"serop",1970-02-21,0,0,0.0570744796974768,0.00085129389496114,0.0554059743230941,0.0587429850718595,2022-02-03,0.6378
"beta",1970-02-22,0,0,0.611743236973511,0.0112244814058086,0.589743657672987,0.633742816274036,2022-02-04,0.6378
"report_prob",1970-02-22,0,0,0.6378,0,0.5,0.5,2022-02-04,0.6378
"inc",1970-02-22,0,0,0.140505032257184,0.00233832429608754,0.135922000852678,0.145088063661691,2022-02-04,0.6378
"serop",1970-02-22,0,0,0.0584580231181404,0.00084255845406387,0.0568066388933054,0.0601094073429753,2022-02-04,0.6378
"beta",1970-02-23,0,0,0.623805921618006,0.0120177562251164,0.600251552241795,0.647360290994216,2022-02-05,0.6378
"report_prob",1970-02-23,0,0,0.6378,0,0.5,0.5,2022-02-05,0.6378
"inc",1970-02-23,0,0,0.146132429593954,0.00247062038351828,0.141290102622788,0.150974756565121,2022-02-05,0.6378
"serop",1970-02-23,0,0,0.0599728255064911,0.00083385303355038,0.0583385035923329,0.0616071474206493,2022-02-05,0.6378
"beta",1970-02-24,0,0,0.635234926040004,0.0127157556077759,0.61031250301255,0.660157349067458,2022-02-06,0.6378
"report_prob",1970-02-24,0,0,0.6378,0,0.5,0.5,2022-02-06,0.6378
"inc",1970-02-24,0,0,0.152033806612331,0.00264076809159146,0.14685799626129,0.157209616963373,2022-02-06,0.6378
"serop",1970-02-24,0,0,0.0616199667738813,0.00082784232675737,0.059997425628559,0.0632425079192035,2022-02-06,0.6378
"beta",1970-02-25,0,0,0.645463753886528,0.0132246058020904,0.619544002804691,0.671383504968364,2022-02-07,0.6378
"report_prob",1970-02-25,0,0,0.6378,0,0.5,0.5,2022-02-07,0.6378
"inc",1970-02-25,0,0,0.158106609960728,0.00282976576932132,0.152560370968173,0.163652848953282,2022-02-07,0.6378
"serop",1970-02-25,0,0,0.0633957379697911,0.00082721784124062,0.0617744207935906,0.0650170551459917,2022-02-07,0.6378
"beta",1970-02-26,0,0,0.653956234278877,0.0134748484509191,0.62754601661794,0.680366451939813,2022-02-08,0.6378
"report_prob",1970-02-26,0,0,0.6378,0,0.5,0.5,2022-02-08,0.6378
"inc",1970-02-26,0,0,0.164231361446534,0.00301514898682481,0.158321778024335,0.170140944868734,2022-02-08,0.6378
"serop",1970-02-26,0,0,0.0652913011569213,0.00083407512062877,0.063656543960088,0.0669260583537546,2022-02-08,0.6378
"beta",1970-02-27,0,0,0.660238647515903,0.0134275514450153,0.633921130283115,0.686556164748692,2022-02-09,0.6378
"report_prob",1970-02-27,0,0,0.6378,0,0.5,0.5,2022-02-09,0.6378
"inc",1970-02-27,0,0,0.170275173329621,0.00317422569708747,0.164053805284528,0.176496541374714,2022-02-09,0.6378
"serop",1970-02-27,0,0,0.067292535094869,0.00084924234155039,0.0656280506912838,0.0689570194984543,2022-02-09,0.6378
"beta",1970-02-28,0,0,0.663931999315795,0.0130809855736238,0.638293738709204,0.689570259922386,2022-02-10,0.6378
"report_prob",1970-02-28,0,0,0.6378,0,0.5,0.5,2022-02-10,0.6378
"inc",1970-02-28,0,0,0.176097287849422,0.00328695175443252,0.169654980791814,0.182539594907031,2022-02-10,0.6378
"serop",1970-02-28,0,0,0.0693801401746595,0.0008718322184697,0.0676713804258972,0.0710888999234218,2022-02-10,0.6378
"beta",1970-03-01,0,0,0.664780838677754,0.0124775994923734,0.640325193059187,0.689236484296321,2022-02-11,0.6378
"report_prob",1970-03-01,0,0,0.6378,0,0.5,0.5,2022-02-11,0.6378
"inc",1970-03-01,0,0,0.181556617781683,0.00333883921962906,0.17501261316104,0.188100622402325,2022-02-11,0.6378
"serop",1970-03-01,0,0,0.0715300698778184,0.00089924613029162,0.0697675798492098,0.073292559906427,2022-02-11,0.6378
"beta",1970-03-02,0,0,0.662675052015729,0.0117101576917193,0.639723564686675,0.685626539344784,2022-02-12,0.6378
"report_prob",1970-03-02,0,0,0.6378,0,0.5,0.5,2022-02-12,0.6378
"inc",1970-03-02,0,0,0.186520955676299,0.0033242465733671,0.180005552116768,0.193036359235829,2022-02-12,0.6378
"serop",1970-03-02,0,0,0.0737143369188626,0.00092765153810888,0.071896173313966,0.0755325005237592,2022-02-12,0.6378
"beta",1970-03-03,0,0,0.657661744033867,0.010923397687579,0.636252277977404,0.67907121009033,2022-02-13,0.6378
"report_prob",1970-03-03,0,0,0.6378,0,0.5,0.5,2022-02-13,0.6378
"inc",1970-03-03,0,0,0.190877188535559,0.00325013606898576,0.184507038895492,0.197247338175625,2022-02-13,0.6378
"serop",1970-03-03,0,0,0.0759022099313326,0.00095275833325642,0.0740348379121796,0.0777695819504856,2022-02-13,0.6378
"beta",1970-03-04,0,0,0.649945566094312,0.010300832518565,0.629756305347145,0.670134826841478,2022-02-14,0.6378
"report_prob",1970-03-04,0,0,0.6378,0,0.5,0.5,2022-02-14,0.6378
"inc",1970-03-04,0,0,0.194541568290229,0.00313984502962012,0.188387585115137,0.200695551465322,2022-02-14,0.6378
"serop",1970-03-04,0,0,0.0780617736976054,0.00097067975957699,0.0761592763283125,0.0799642710668983,2022-02-14,0.6378
"beta",1970-03-05,0,0,0.639877463417719,0.0100190320807086,0.620240521379578,0.659514405455859,2022-02-15,0.6378
"report_prob",1970-03-05,0,0,0.6378,0,0.5,0.5,2022-02-15,0.6378
"inc",1970-03-05,0,0,0.197468932259709,0.00303496433302542,0.191520511472615,0.203417353046802,2022-02-15,0.6378
"serop",1970-03-05,0,0,0.0801617788337708,0.000978739826018,0.0782434840245406,0.0820800736430011,2022-02-15,0.6378
"beta",1970-03-06,0,0,0.627933473324228,0.0101695534521505,0.608001514819158,0.647865431829298,2022-02-16,0.6378
"report_prob",1970-03-06,0,0,0.6378,0,0.5,0.5,2022-02-16,0.6378
"inc",1970-03-06,0,0,0.199659802838099,0.0029903978135646,0.193798730824065,0.205520874852133,2022-02-16,0.6378
"serop",1970-03-06,0,0,0.0821736642443276,0.00097616595914988,0.0802604141214598,0.0840869143671953,2022-02-16,0.6378
"beta",1970-03-07,0,0,0.614686590614116,0.0107051945862952,0.593704794777484,0.635668386450747,2022-02-17,0.6378
"report_prob",1970-03-07,0,0,0.6378,0,0.5,0.5,2022-02-17,0.6378
"inc",1970-03-07,0,0,0.201164553145336,0.00305638753603396,0.195174143651913,0.20715496263876,2022-02-17,0.6378
"serop",1970-03-07,0,0,0.0840736072906118,0.00096461763881127,0.0821829914596896,0.0859642231215339,2022-02-17,0.6378
"beta",1970-03-08,0,0,0.600775566901664,0.0114698353677282,0.578295102672313,0.623256031131015,2022-02-18,0.6378
"report_prob",1970-03-08,0,0,0.6378,0,0.5,0.5,2022-02-18,0.6378
"inc",1970-03-08,0,0,0.202084278775448,0.00325223641398957,0.195710012534818,0.208458545016077,2022-02-18,0.6378
"serop",1970-03-08,0,0,0.0858444505205917,0.00094843333842626,0.0839855553355392,0.0877033457056443,2022-02-18,0.6378
"beta",1970-03-09,0,0,0.586874708699645,0.0122757454350755,0.562814689763515,0.610934727635775,2022-02-19,0.6378
"report_prob",1970-03-09,0,0,0.6378,0,0.5,0.5,2022-02-19,0.6378
"inc",1970-03-09,0,0,0.202568579393911,0.00355418477513313,0.195602505240249,0.209534653547572,2022-02-19,0.6378
"serop",1970-03-09,0,0,0.087477373673781,0.00093433363686506,0.0856461133959811,0.0893086339515809,2022-02-19,0.6378
"beta",1970-03-10,0,0,0.573668323053402,0.0129585961415438,0.548269941325776,0.599066704781028,2022-02-20,0.6378
"report_prob",1970-03-10,0,0,0.6378,0,0.5,0.5,2022-02-20,0.6378
"inc",1970-03-10,0,0,0.202811026048045,0.00390878325025054,0.19514995165418,0.210472100441909,2022-02-20,0.6378
"serop",1970-03-10,0,0,0.0889732243315619,0.00093018840467951,0.0871500885595532,0.0907963601035705,2022-02-20,0.6378
"beta",1970-03-11,0,0,0.561832600543925,0.0133961126047909,0.535576702305692,0.588088498782159,2022-02-21,0.6378
"report_prob",1970-03-11,0,0,0.6378,0,0.5,0.5,2022-02-21,0.6378
"inc",1970-03-11,0,0,0.203043546968362,0.00425450872696192,0.194704863091605,0.211382230845118,2022-02-21,0.6378
"serop",1970-03-11,0,0,0.0903434831698285,0.00094265983834461,0.0884959038370007,0.0921910625026563,2022-02-21,0.6378
"beta",1970-03-12,0,0,0.552026666878856,0.0135096687838129,0.525548202619518,0.578505131138195,2022-02-22,0.6378
"report_prob",1970-03-12,0,0,0.6378,0,0.5,0.5,2022-02-22,0.6378
"inc",1970-03-12,0,0,0.203531249887269,0.0045355497954087,0.19464173563818,0.212420764136358,2022-02-22,0.6378
"serop",1970-03-12,0,0,0.0916109111755872,0.0009744008493776,0.0897011206043019,0.0935207017468726,2022-02-22,0.6378
"beta",1970-03-13,0,0,0.544893521914984,0.013266796356978,0.51889107886508,0.570895964964888,2022-02-23,0.6378
"report_prob",1970-03-13,0,0,0.6378,0,0.5,0.5,2022-02-23,0.6378
"inc",1970-03-13,0,0,0.204569287283712,0.00470815810938812,0.195341466955791,0.213797107611633,2022-02-23,0.6378
"serop",1970-03-13,0,0,0.0928099966388223,0.00102239232555539,0.0908061445026636,0.094813848774981,2022-02-23,0.6378
"beta",1970-03-14,0,0,0.541070810374752,0.0126999470886958,0.516179371475344,0.56596224927416,2022-02-24,0.6378
"report_prob",1970-03-14,0,0,0.6378,0,0.5,0.5,2022-02-24,0.6378
"inc",1970-03-14,0,0,0.20648332588661,0.00474664261277512,0.197180077318088,0.215786574455132,2022-02-24,0.6378
"serop",1970-03-14,0,0,0.0939873829511279,0.00107846900986279,0.0918736225333543,0.0961011433689015,2022-02-24,0.6378
"beta",1970-03-15,0,0,0.541210939172025,0.0119661505539516,0.517757715052696,0.564664163291355,2022-02-25,0.5957
"report_prob",1970-03-15,0,0,0.5957,0,0.5,0.5,2022-02-25,0.5957
"inc",1970-03-15,0,0,0.209635102467835,0.00465854125990281,0.200504529377931,0.218765675557738,2022-02-25,0.5957
"serop",1970-03-15,0,0,0.0952025129480773,0.00113145325870323,0.0929849053108284,0.0974201205853261,2022-02-25,0.5957
"beta",1970-03-16,0,0,0.546009994084084,0.0114845531797239,0.523500683473291,0.568519304694878,2022-02-26,0.5957
"report_prob",1970-03-16,0,0,0.5957,0,0.5,0.5,2022-02-26,0.5957
"inc",1970-03-16,0,0,0.214434567015329,0.00452642788832683,0.205562931375591,0.223306202655068,2022-02-26,0.5957
"serop",1970-03-16,0,0,0.0965287766415598,0.00116984522071762,0.0942359221414669,0.0988216311416526,2022-02-26,0.5957
"beta",1970-03-17,0,0,0.556245168907484,0.0120977141143683,0.532534084948061,0.579956252866908,2022-02-27,0.5957
"report_prob",1970-03-17,0,0,0.5957,0,0.5,0.5,2022-02-27,0.5957
"inc",1970-03-17,0,0,0.221360376223249,0.00459849283866443,0.212347495876301,0.230373256570197,2022-02-27,0.5957
"serop",1970-03-17,0,0,0.0980555079750171,0.00118538189095046,0.0957322021608282,0.100378813789206,2022-02-27,0.5957
"beta",1970-03-18,0,0,0.572820919050427,0.0148497303842046,0.543715982317256,0.601925855783598,2022-02-28,0.5957
"report_prob",1970-03-18,0,0,0.5957,0,0.5,0.5,2022-02-28,0.5957
"inc",1970-03-18,0,0,0.230991167376045,0.00535811248240895,0.220489459885409,0.241492874866681,2022-02-28,0.5957
"serop",1970-03-18,0,0,0.0998912606496115,0.0011803560890868,0.0975778052260688,0.102204716073154,2022-02-28,0.5957
"beta",1970-03-19,0,0,0.596824688513109,0.0203618892110203,0.556916119002315,0.636733258023904,2022-03-01,0.5957
"report_prob",1970-03-19,0,0,0.5957,0,0.5,0.5,2022-03-01,0.5957
"inc",1970-03-19,0,0,0.244051303234816,0.00732678053873655,0.229691077256264,0.258411529213369,2022-03-01,0.5957
"serop",1970-03-19,0,0,0.102168928406782,0.00118553366646077,0.0998453251180592,0.104492531695505,2022-03-01,0.5957
"beta",1970-03-20,0,0,0.629593730764461,0.0289033004147172,0.572944302917273,0.686243158611648,2022-03-02,0.5957
"report_prob",1970-03-20,0,0,0.5957,0,0.5,0.5,2022-03-02,0.5957
"inc",1970-03-20,0,0,0.261476926180304,0.0108433920385641,0.24022426831447,0.282729584046139,2022-03-02,0.5957
"serop",1970-03-20,0,0,0.105053498271154,0.0012929423885273,0.102519377755555,0.107587618786753,2022-03-02,0.5957
"beta",1970-03-21,0,0,0.672795142110183,0.0408948563978609,0.592642696417438,0.752947587802928,2022-03-03,0.5957
"report_prob",1970-03-21,0,0,0.5957,0,0.5,0.5,2022-03-03,0.5957
"inc",1970-03-21,0,0,0.284511659585435,0.0162651993286994,0.252632454699819,0.316390864471051,2022-03-03,0.5957
"serop",1970-03-21,0,0,0.108753591506924,0.00166161928992679,0.10549687754265,0.112010305471197,2022-03-03,0.5957
"beta",1970-03-22,0,0,0.728521624313058,0.0571164344404948,0.616575469884346,0.840467778741771,2022-03-04,0.5957
"report_prob",1970-03-22,0,0,0.5957,0,0.5,0.5,2022-03-04,0.5957
"inc",1970-03-22,0,0,0.314846961554561,0.0242135007968337,0.267389372053135,0.362304551055987,2022-03-04,0.5957
"serop",1970-03-22,0,0,0.113538544919166,0.00244241774950407,0.108751494094937,0.118325595743395,2022-03-04,0.5957
